DDOS-00001,PASSWORD
DDOS-00002,PASSWORD
DDOS-00003,PASSWORD
DDOS-00004,PASSWORD
DDOS-00005,PASSWORD
DDOS-00006,PASSWORD
DDOS-00007,PASSWORD
DDOS-00008,PASSWORD
DDOS-00009,PASSWORD
DDOS-00010,PASSWORD
DDOS-00011,PASSWORD
DDOS-00012,PASSWORD
DDOS-00013,PASSWORD
DDOS-00014,PASSWORD
DDOS-00015,PASSWORD
DDOS-00016,PASSWORD
DDOS-00017,PASSWORD
DDOS-00018,PASSWORD
DDOS-00019,PASSWORD
DDOS-00020,PASSWORD
DDOS-00021,PASSWORD
DDOS-00022,PASSWORD
DDOS-00023,PASSWORD
DDOS-00024,PASSWORD
DDOS-00025,PASSWORD
DDOS-00026,PASSWORD
DDOS-00027,PASSWORD
DDOS-00028,PASSWORD
DDOS-00029,PASSWORD
DDOS-00030,PASSWORD
DDOS-00031,PASSWORD
DDOS-00032,PASSWORD
DDOS-00033,PASSWORD
DDOS-00034,PASSWORD
DDOS-00035,PASSWORD
DDOS-00036,PASSWORD
DDOS-00037,PASSWORD
DDOS-00038,PASSWORD
DDOS-00039,PASSWORD
DDOS-00040,PASSWORD
DDOS-00041,PASSWORD
DDOS-00042,PASSWORD
DDOS-00043,PASSWORD
DDOS-00044,PASSWORD
DDOS-00045,PASSWORD
DDOS-00046,PASSWORD
DDOS-00047,PASSWORD
DDOS-00048,PASSWORD
DDOS-00049,PASSWORD
DDOS-00050,PASSWORD
DDOS-00051,PASSWORD
DDOS-00052,PASSWORD
DDOS-00053,PASSWORD
DDOS-00054,PASSWORD
DDOS-00055,PASSWORD
DDOS-00056,PASSWORD
DDOS-00057,PASSWORD
DDOS-00058,PASSWORD
DDOS-00059,PASSWORD
DDOS-00060,PASSWORD
DDOS-00061,PASSWORD
DDOS-00062,PASSWORD
DDOS-00063,PASSWORD
DDOS-00064,PASSWORD
DDOS-00065,PASSWORD
DDOS-00066,PASSWORD
DDOS-00067,PASSWORD
DDOS-00068,PASSWORD
DDOS-00069,PASSWORD
DDOS-00070,PASSWORD
DDOS-00071,PASSWORD
DDOS-00072,PASSWORD
DDOS-00073,PASSWORD
DDOS-00074,PASSWORD
DDOS-00075,PASSWORD
DDOS-00076,PASSWORD
DDOS-00077,PASSWORD
DDOS-00078,PASSWORD
DDOS-00079,PASSWORD
DDOS-00080,PASSWORD
DDOS-00081,PASSWORD
DDOS-00082,PASSWORD
DDOS-00083,PASSWORD
DDOS-00084,PASSWORD
DDOS-00085,PASSWORD
DDOS-00086,PASSWORD
DDOS-00087,PASSWORD
DDOS-00088,PASSWORD
DDOS-00089,PASSWORD
DDOS-00090,PASSWORD
DDOS-00091,PASSWORD
DDOS-00092,PASSWORD
DDOS-00093,PASSWORD
DDOS-00094,PASSWORD
DDOS-00095,PASSWORD
DDOS-00096,PASSWORD
DDOS-00097,PASSWORD
DDOS-00098,PASSWORD
DDOS-00099,PASSWORD
DDOS-00100,PASSWORD
